Topic,Question,Answer
Topic 1,What is the best way to improve productivity at work?,"Improving productivity at work can involve strategies such as time management techniques, setting clear goals, prioritizing tasks, minimizing distractions, and taking regular breaks to stay refreshed."
Topic 1,How can I manage my time better during work hours?,"Managing time effectively involves creating a schedule or to-do list, breaking tasks into smaller, manageable chunks, utilizing tools like calendars or apps for reminders, and learning to say no to non-essential tasks."
Topic 1,Is multitasking an effective way to increase productivity?,"While multitasking may seem efficient, it often leads to reduced focus and quality of work. It's generally more effective to focus on one task at a time to ensure better concentration and results."
Topic 1,What are some tips for avoiding procrastination at work?,"To avoid procrastination, try breaking tasks into smaller, actionable steps, setting deadlines for yourself, finding accountability partners, and addressing any underlying reasons for procrastination such as fear of failure or perfectionism."
Topic 1,How can I maintain work-life balance while being productive?,"Maintaining work-life balance involves setting boundaries between work and personal life, scheduling regular breaks and time for relaxation, prioritizing self-care activities, and communicating openly with colleagues or supervisors about workload and expectations."
Topic 2,What are the benefits of regular exercise?,"Regular exercise offers numerous benefits including improved physical health, reduced risk of chronic diseases such as heart disease and diabetes, better mood and mental health, increased energy levels, and improved sleep quality."
Topic 2,How many days per week should I exercise to see results?,"The American College of Sports Medicine recommends at least 150 minutes of moderate-intensity aerobic activity or 75 minutes of vigorous-intensity aerobic activity per week, spread out over several days, along with muscle-strengthening activities on two or more days per week."
Topic 2,What are some effective exercises I can do at home without equipment?,"Effective home exercises without equipment include bodyweight exercises like squats, lunges, push-ups, and planks, as well as activities like brisk walking, jogging, or dancing."
Topic 2,Is it important to warm up before exercising?,"Yes, warming up before exercise is important as it helps increase blood flow to muscles, loosens joints, and prepares the body for more intense activity, reducing the risk of injury."
Topic 2,How can I stay motivated to exercise regularly?,"To stay motivated, set specific and achievable goals, vary your exercise routine to prevent boredom, find activities you enjoy, exercise with friends or family for accountability and support, and track your progress to see improvements over time."
Topic 3,What are some effective stress management techniques?,"Effective stress management techniques include deep breathing exercises, meditation or mindfulness practices, regular physical activity, spending time in nature, maintaining a healthy diet, and seeking support from friends, family, or a therapist."
Topic 3,How does stress impact my health?,"Chronic stress can have negative effects on both physical and mental health, increasing the risk of conditions such as high blood pressure, heart disease, obesity, depression, anxiety disorders, and impaired immune function."
Topic 3,What role does sleep play in managing stress?,"Adequate sleep is crucial for managing stress as it allows the body and mind to rest and recharge. Lack of sleep can exacerbate stress levels and make it harder to cope with daily challenges."
Topic 3,Are there any foods that can help reduce stress?,"Certain foods like whole grains, fruits, vegetables, fatty fish rich in omega-3 fatty acids, nuts, seeds, and foods high in antioxidants can help reduce stress by providing essential nutrients and promoting overall health."
Topic 3,How can I create a relaxing environment at home to reduce stress?,"Creating a relaxing environment at home involves decluttering and organizing your space, incorporating elements like plants or essential oils for aromatherapy, minimizing noise and distractions, and setting aside time for activities you enjoy."
